Date,Views
2026-01-10,49
2026-01-11,41
2026-01-12,53
2026-01-13,43
2026-01-14,44
2026-01-15,54
2026-01-16,34
2026-01-17,48
2026-01-18,54
2026-01-19,55
2026-01-20,38
2026-01-21,34
2026-01-22,55
2026-01-23,63
2026-01-24,53
2026-01-25,45
2026-01-26,60
2026-01-27,45
2026-01-28,39
2026-01-29,37
2026-01-30,43
2026-01-31,40
2026-02-01,33
2026-02-02,32
2026-02-03,40
2026-02-04,42
2026-02-05,36
2026-02-06,34
2026-02-07,42
2026-02-08,39
2026-02-09,45
2026-02-10,36
2026-02-11,26
2026-02-12,40
2026-02-13,27
2026-02-14,38
2026-02-15,46
2026-02-16,60
2026-02-17,41
2026-02-18,45
2026-02-19,39
2026-02-20,49
2026-02-21,56
2026-02-22,44
2026-02-23,43
2026-02-24,33
2026-02-25,32
2026-02-26,48
2026-02-27,48
2026-02-28,47
2026-03-01,48
2026-03-02,32
2026-03-03,39
2026-03-04,43
2026-03-05,43
2026-03-06,50
2026-03-07,45
2026-03-08,30
2026-03-09,39
2026-03-10,34
2026-03-11,45
2026-03-12,35
2026-03-13,50
2026-03-14,123
2026-03-15,72
2026-03-16,60
2026-03-17,41
2026-03-18,58
2026-03-19,50
2026-03-20,48
2026-03-21,40
2026-03-22,49
2026-03-23,39
2026-03-24,56
2026-03-25,56
2026-03-26,54
2026-03-27,33
2026-03-28,46
2026-03-29,59
2026-03-30,37
2026-03-31,32
2026-04-01,21
2026-04-02,43
2026-04-03,44
2026-04-04,39
2026-04-05,51
2026-04-06,34
2026-04-07,41
2026-04-08,86
2026-04-09,62
